{"Month":1,"Max Temp":21.0,"Min Temp":11.0,"Avg Temp":15.7108725822}
{"Month":2,"Max Temp":23.375,"Min Temp":14.6666666667,"Avg Temp":18.3499811488}
{"Month":3,"Max Temp":31.0,"Min Temp":17.375,"Avg Temp":23.753760084}
{"Month":4,"Max Temp":34.5,"Min Temp":25.625,"Avg Temp":30.7536630037}
